n_procs,dt,total_serial_time,ideal_distrib_time
2,6.118945837020874,10.0,5.0
3,4.112175941467285,10.0,3.3333333333333335
4,3.0924060344696045,10.0,2.5
5,2.459882974624634,10.0,2.0
6,2.0684800148010254,10.0,1.6666666666666667
7,1.7617332935333252,10.0,1.4285714285714286
8,1.5377001762390137,10.0,1.25
